{"cameraMode":{"drawMode":0,"name":"Shaded","section":"Shading Mode"},"sceneLighting":false,"audioPlay":false,"sceneViewState":{"m_AlwaysRefresh":false,"showFog":true,"showSkybox":false,"showFlares":true,"showImageEffects":false,"showParticleSystems":false,"showVisualEffectGraphs":true,"m_FxEnabled":true},"in2DMode":false,"pivot":{"x":32.85823440551758,"y":0.8240978717803955,"z":0.027581918984651567},"rotation":{"x":-0.15329879522323609,"y":-0.06191863864660263,"z":0.009624253958463669,"w":-0.9861986637115479},"size":1.4699558019638062,"orthographic":false}